UserId,UserName,UserAge
1,Berty,33
2,Prent,31
3,Maggy,41
4,Mariele,60
5,Sisile,51
6,Nannie,25
7,Ynes,43
8,Larry,27
9,Broderic,70
10,Bail,41
11,Alyce,75
12,Flynn,69
13,Jerrilee,26
14,Mamie,55
15,Mychal,46
16,Asa,57
17,Diena,23
18,Andrej,29
19,Carny,59
20,Kaile,27
21,Katherina,18
22,Loretta,73
23,Brose,51
24,Andres,49
25,Robby,62
26,Johny,44
27,Celina,41
28,Lisha,50
29,Devonne,53
30,Spencer,70
31,Augustine,22
32,Ransom,52
33,Sasha,72
34,Gradeigh,55
35,Alisha,37
36,Nappy,30
37,Brendin,51
38,Tamera,26
39,Liv,40
40,Roldan,66
41,Joyan,48
42,Collie,49
43,Yelena,43
44,Cinda,60
45,Clementina,61
46,Tedra,24
47,Leland,39
48,Harvey,59
49,Chelsie,20
50,Trisha,24
51,Yvette,18
52,Faydra,40
53,Ofelia,61
54,Janot,38
55,Byrle,32
56,Carolina,52
57,Teodorico,48
58,Brigitta,27
59,Goober,59
60,Jules,51
61,Cari,61
62,Lorianne,65
63,Chucho,53
64,Tatiana,27
65,Reiko,50
66,Demetris,30
67,Marget,31
68,Abbye,32
69,Madlin,57
70,Scarlett,69
71,Salvatore,35
72,Maryrose,50
73,Harrietta,32
74,Marsiella,29
75,Maxy,73
76,Silvano,29
77,Avrit,20
78,Adele,35
79,Lorne,41
80,Joann,48
81,Cecil,32
82,Lotte,24
83,Richart,45
84,Kristoffer,69
85,Harriet,51
86,Franni,74
87,Darell,73
88,Benton,70
89,Inna,50
90,Doretta,54
91,Doralin,37
92,Meyer,74
93,Collin,26
94,Shane,53
95,Estrellita,67
96,Tedd,63
97,Dannie,75
98,Kippie,53
99,Jae,39
100,Josie,44
101,Dorrie,58
102,Sheppard,74
103,Saraann,45
104,Aldric,53
105,Fiorenze,53
106,Hercule,25
107,Lacee,73
108,Thane,34
109,Shina,31
110,Gerri,19
111,Rheta,24
112,Kipp,40
113,Romain,56
114,Verla,63
115,Bryant,27
116,Merrile,68
117,Agathe,37
118,Daphna,48
119,Toby,21
120,Sayres,57
121,Hunfredo,24
122,Prentiss,20
123,Jimmy,21
124,Petronille,55
125,Reg,66
126,Francois,72
127,Ruby,45
128,Jeffrey,61
129,Niko,26
130,Megen,25
131,Papageno,31
132,Peder,44
133,Jania,18
134,Karole,36
135,Lucias,31
136,Bree,36
137,Hogan,43
138,Aila,64
139,Leland,69
140,Mignon,46
141,Waldemar,24
142,Zared,21
143,Peg,67
144,Nikolaos,45
145,Prinz,69
146,Stillmann,61
147,Giusto,20
148,Madge,48
149,Worth,39
150,Wilt,38
151,Ewan,67
152,Vladamir,49
153,Kristyn,23
154,Joni,51
155,Parrnell,18
156,Bruno,70
157,Kordula,32
158,Jacquelynn,52
159,Brittni,62
160,Noami,48
161,Amity,43
162,Vernon,44
163,Frazier,28
164,Averell,66
165,Di,22
166,Aloin,25
167,Sabina,20
168,Trudy,75
169,Josefina,68
170,Elberta,56
171,Mattie,65
172,Gunar,59
173,Darnall,50
174,Dag,20
175,Derward,57
176,Dennis,60
177,Emelia,75
178,Goddard,55
179,Ethelda,43
180,Camella,69
181,Waldon,36
182,Janene,38
183,Iona,30
184,Tucker,59
185,Sonny,47
186,Vin,19
187,Ches,65
188,Kennett,52
189,Craggie,61
190,Mitchell,67
191,Justinn,35
192,Myron,32
193,Lazar,30
194,D'arcy,58
195,Loralie,19
196,Anett,39
197,Florie,55
198,Mae,18
199,Daveta,50
200,Yuri,25
201,Myles,31
202,Ag,35
203,Andee,29
204,Elka,70
205,Marsha,34
206,Ruthie,59
207,Case,70
208,Normy,41
209,Karly,19
210,Eugene,67
211,Lonnie,61
212,Claudine,37
213,Lief,41
214,Nathalie,32
215,Lucilia,57
216,Ricca,45
217,Curcio,64
218,Alie,43
219,Elmira,57
220,Berty,18
221,Lane,45
222,Rhetta,49
223,Geoffry,42
224,Karoline,70
225,Udell,26
226,Rudd,52
227,Craggie,23
228,Audi,34
229,Shalom,74
230,Carmelita,20
231,Ewell,53
232,Eran,70
233,Latrena,39
234,Jennette,43
235,Sabra,33
236,Jordana,26
237,Wilma,57
238,Francklyn,50
239,Bellanca,70
240,Chickie,35
241,Tiebold,53
242,Livy,50
243,Olly,64
244,Wilhelm,66
245,Lewiss,39
246,Carmel,74
247,Lona,36
248,Kitty,58
249,Michell,39
250,Blinny,53
251,Tarah,65
252,Mellicent,73
253,Rabi,58
254,Caria,18
255,Murdock,72
256,Cyril,56
257,Hanny,70
258,Emiline,39
259,Theresa,74
260,Fabio,72
261,Reinold,75
262,Rawley,45
263,Modestia,71
264,Gare,24
265,Danya,26
266,Leighton,35
267,Marcia,61
268,Hildagard,40
269,Man,48
270,Kathe,45
271,Cleveland,50
272,Cornell,33
273,Artemas,66
274,Valentino,53
275,Lisabeth,59
276,Karilynn,35
277,Alaster,20
278,Kaylyn,43
279,Olivia,28
280,Rita,62
281,Josy,20
282,Lydon,66
283,Reena,22
284,Beryl,46
285,Maude,59
286,Ira,68
287,Drusie,21
288,Maible,22
289,Stephenie,57
290,Janet,66
291,Carmita,60
292,Curcio,73
293,Thornton,36
294,Yuma,63
295,Darryl,24
296,Herbert,21
297,Morgan,55
298,Brandice,61
299,Rebeca,58
300,Eugenia,21
301,Dynah,62
302,Shandy,57
303,Anthe,61
304,Heindrick,45
305,Dru,40
306,Eugene,57
307,Brewer,33
308,Fidela,40
309,Carmon,59
310,Elita,55
311,Orren,65
312,Trude,59
313,Hadlee,73
314,Udell,75
315,Westley,21
316,Dane,55
317,Jeremy,60
318,Bryana,60
319,Gloriane,37
320,Philippe,31
321,Cordula,68
322,Leo,59
323,Bryn,47
324,Misha,24
325,Serena,66
326,Shaun,27
327,Amata,67
328,Herbie,69
329,Josefina,25
330,Zachary,74
331,Quintilla,38
332,Ephraim,26
333,Franciskus,40
334,Justina,67
335,Siouxie,46
336,Phillie,49
337,Josey,74
338,Todd,19
339,Bent,33
340,Andros,35
341,Pippy,37
342,Desmund,52
343,Teddi,36
344,Ted,60
345,Domingo,26
346,Florian,51
347,Star,39
348,Lenci,22
349,Arlana,54
350,Jacquelynn,75
351,Pattin,31
352,Rasia,43
353,Jocelyne,39
354,Guenna,74
355,Georgia,63
356,Giovanna,22
357,Goran,36
358,Lillian,66
359,Andy,43
360,Rollin,58
361,Jock,44
362,Siegfried,19
363,Welby,72
364,Hatti,34
365,Jody,64
366,Reinold,25
367,Blythe,28
368,Wallie,29
369,Chiquia,27
370,Gwenore,24
371,Borg,45
372,Karalee,33
373,Hewet,45
374,Nessie,70
375,Britt,48
376,Emmaline,18
377,Floris,65
378,Clementius,56
379,Vicki,35
380,Walden,33
381,Frankie,54
382,Nick,57
383,Ali,46
384,Noemi,48
385,Ignace,62
386,Calvin,38
387,Del,72
388,Teirtza,21
389,Lavena,62
390,Guglielmo,49
391,Mommy,42
392,Rickie,34
393,Bay,21
394,Wadsworth,52
395,Siward,48
396,Ugo,61
397,Niall,41
398,Sibelle,50
399,Roana,65
400,Fremont,19
401,Raoul,38
402,Eleen,73
403,Jami,19
404,Terry,65
405,Othilia,72
406,Dorine,45
407,Gwennie,56
408,Igor,60
409,Felipa,60
410,Gilberta,61
411,Zoe,70
412,Florida,53
413,Pauli,39
414,Aubrie,70
415,Livvie,73
416,Olive,67
417,Zorina,64
418,Sile,23
419,Shepherd,43
420,Harrie,74
421,Tally,27
422,Sidnee,70
423,Billye,34
424,Horatio,23
425,Maximo,53
426,Rutherford,53
427,Marguerite,59
428,Rollie,55
429,Kendricks,39
430,Doll,30
431,Thomasa,69
432,Lethia,41
433,Jeri,74
434,Theobald,67
435,Sutherlan,52
436,Holden,18
437,Llewellyn,24
438,Karalynn,46
439,Minta,18
440,Mead,52
441,Shay,40
442,Edithe,38
443,Allard,69
444,Carla,38
445,Leyla,56
446,Claudine,28
447,Almeria,53
448,Desiri,26
449,Dexter,59
450,Jeffrey,21
451,Pedro,56
452,Fairfax,73
453,Jayme,43
454,Nisse,67
455,Lauralee,30
456,Kitti,73
457,Marlowe,75
458,Wanids,34
459,Ernestine,37
460,Tessa,36
461,Rosie,23
462,Lezley,52
463,Nikolas,50
464,Annadiane,70
465,Catriona,41
466,Joni,58
467,Phylis,61
468,Shep,66
469,Alyss,22
470,Mathias,45
471,Angil,44
472,Gus,40
473,Tabbatha,63
474,Arline,55
475,Jeremias,21
476,Bryan,31
477,Tomasine,60
478,Frants,52
479,Osborne,59
480,Lurlene,71
481,Cammie,23
482,Katee,49
483,Barry,66
484,Caritta,32
485,Esmaria,35
486,Walden,20
487,Rutherford,71
488,Casandra,22
489,Mira,45
490,Lanette,53
491,Mariel,52
492,Amalle,30
493,Alameda,34
494,Bailey,57
495,Flemming,46
496,Wendie,19
497,Gilberte,57
498,Cybill,63
499,Harv,68
500,Vi,20
501,Regina,32
502,Angelique,45
503,Winni,35
504,Cordy,55
505,Jeffrey,47
506,Julieta,60
507,Aldous,37
508,Jesse,66
509,Karel,19
510,Byran,56
511,Marten,54
512,Noell,45
513,Bendite,18
514,Timmi,41
515,Edna,24
516,Madel,56
517,Manfred,52
518,Tory,29
519,Opaline,68
520,Hobard,27
521,Robbie,48
522,Franz,21
523,Winfield,75
524,Eddie,58
525,Ephrayim,74
526,Dorthy,67
527,Dav,37
528,Rae,46
529,Karolina,39
530,Minette,64
531,Moreen,30
532,Bunni,28
533,Man,20
534,Barnie,32
535,Michelina,46
536,Ailbert,38
537,Celeste,36
538,Kym,56
539,Minne,46
540,Cedric,57
541,Johnath,60
542,Valma,24
543,Lonnie,23
544,Saudra,32
545,Kipper,30
546,Dusty,36
547,Vivie,48
548,Linell,56
549,Spenser,70
550,Ede,70
551,Valina,50
552,Tracey,45
553,Sybyl,45
554,Forster,44
555,Andreas,46
556,Del,75
557,Jelene,74
558,Jaime,70
559,Donall,70
560,Nicole,64
561,Erna,72
562,Jeniffer,73
563,Kaleena,40
564,Giorgi,42
565,Guinna,33
566,Mirabella,71
567,Ailina,55
568,Deeanne,54
569,Janetta,39
570,Allianora,66
571,Torrey,66
572,Yolane,67
573,Ollie,66
574,Ewen,68
575,Francine,49
576,Stanford,56
577,Leodora,38
578,Ariadne,53
579,Fawne,58
580,Sari,55
581,Mallory,30
582,Abran,45
583,Johann,65
584,Dennison,70
585,Claudelle,36
586,Gayla,29
587,Clarabelle,24
588,Rhianon,27
589,Winnifred,46
590,Jabez,46
591,Georgeta,26
592,Bobbie,75
593,Tiphany,46
594,Catherine,70
595,Junia,67
596,Kristan,30
597,Ileane,45
598,Corrie,23
599,Imogen,46
600,Tammara,42
601,Cassey,18
602,Alika,47
603,Winona,52
604,Graeme,46
605,Holly,32
606,Lissie,72
607,Ceciley,27
608,Matthiew,39
609,Joleen,59
610,Yehudi,42
611,Jacinta,63
612,Nertie,52
613,Harley,71
614,Mark,24
615,Helena,51
616,Sid,55
617,Constantia,30
618,George,49
619,Ailsun,60
620,Bartel,34
621,Avictor,64
622,Sacha,60
623,Harley,66
624,Freda,62
625,Farra,31
626,Sydney,45
627,Ganny,44
628,Aurelie,29
629,Marigold,59
630,Gardiner,51
631,Meryl,34
632,Christoffer,25
633,Griffy,59
634,Saunder,47
635,Emelia,29
636,Bel,55
637,Brita,33
638,Tiertza,53
639,Giorgia,46
640,Weston,42
641,Andrea,57
642,Nicolais,72
643,Fernande,46
644,Shalna,72
645,Fabien,56
646,Taffy,28
647,Haskell,39
648,Bonnie,38
649,Donal,50
650,Beale,38
651,Jeddy,55
652,Emmey,68
653,Gweneth,40
654,Maddie,37
655,Ange,50
656,Huntington,18
657,Kris,52
658,Arabella,61
659,Bartholomeus,40
660,Eda,47
661,Noble,48
662,Calli,18
663,Jehanna,68
664,Ulrike,46
665,Viv,74
666,Gasper,67
667,Albina,24
668,Ingram,42
669,Tobey,22
670,Emelina,52
671,Karel,35
672,Freddy,23
673,Alix,65
674,Ivette,41
675,Barny,41
676,Orv,38
677,Karyl,33
678,Ana,26
679,Malchy,35
680,Druci,73
681,Marlena,30
682,Erena,27
683,Katrine,64
684,Gretna,36
685,Stinky,28
686,Verine,61
687,Kinny,46
688,Giffard,59
689,Sonnie,64
690,Randy,70
691,Sal,56
692,Tait,39
693,Wayne,49
694,Lauraine,19
695,Torie,38
696,Dottie,61
697,Nicola,48
698,Ainslee,24
699,Damiano,26
700,Alasteir,40
701,Fabien,51
702,Kacy,74
703,Romy,22
704,Josias,51
705,Inge,51
706,Myron,48
707,Gabbie,41
708,Clarke,28
709,Yurik,28
710,Nedda,45
711,Vidovik,54
712,Barbara-anne,67
713,Olenka,45
714,Addy,26
715,Sterne,67
716,Sarajane,25
717,Rita,32
718,Vania,28
719,Tawsha,53
720,Ginnifer,31
721,Bob,38
722,Ilyse,59
723,Sheff,75
724,Morris,60
725,Ansell,61
726,Ben,74
727,Theo,49
728,Chad,41
729,Vale,33
730,Jamie,47
731,Ingelbert,64
732,Karlie,60
733,Thomasine,46
734,Kay,61
735,Gerti,31
736,Wini,73
737,Mirabelle,24
738,Dot,25
739,Christyna,65
740,Riobard,37
741,Taffy,68
742,Julieta,37
743,Alika,51
744,Lebbie,56
745,Corina,44
746,Quintina,40
747,Eden,38
748,Lexis,39
749,Edythe,31
750,Heath,24
751,Atlanta,55
752,Gaye,46
753,Walsh,50
754,Christoper,74
755,Lonnie,58
756,Waiter,32
757,Alysa,75
758,Alexander,47
759,Rebeca,44
760,Marji,75
761,Bethany,42
762,Phebe,57
763,Vilma,32
764,Tillie,59
765,Petronilla,70
766,Chastity,59
767,Heinrik,54
768,Bev,71
769,Twyla,54
770,Vivi,39
771,Elfreda,36
772,Carlita,39
773,Jenine,71
774,Kurtis,75
775,Beverlee,71
776,Dina,52
777,Milly,50
778,Tymothy,66
779,Kalil,53
780,Albrecht,67
781,Rosa,40
782,Fernanda,59
783,Giustina,66
784,Avictor,71
785,Brocky,29
786,Isadora,51
787,Mateo,43
788,Charmain,38
789,Dedie,55
790,Dasha,54
791,Englebert,48
792,Babara,36
793,Iver,50
794,Welsh,31
795,Lebbie,57
796,Tuesday,48
797,Sharia,35
798,Kelli,31
799,Judi,61
800,Kendra,42
801,Scott,50
802,Shanan,26
803,Sheryl,57
804,Anne-marie,49
805,Vivyanne,66
806,Alessandra,21
807,Shannan,26
808,Guss,74
809,Lloyd,42
810,Kenn,65
811,Edward,37
812,Estrella,75
813,Corly,59
814,Dee dee,49
815,Case,68
816,Terrijo,54
817,Wilmer,33
818,Simonette,61
819,Levey,38
820,Mannie,52
821,Brook,41
822,Sherry,40
823,Roman,55
824,Dickie,50
825,Maisie,72
826,Aindrea,38
827,Simona,62
828,Barrie,33
829,Janeczka,36
830,Hank,24
831,Adolph,48
832,Aubree,42
833,Free,59
834,Gael,36
835,Gretel,62
836,Allan,54
837,Ferd,54
838,Sayres,37
839,Ezequiel,25
840,Kimball,22
841,Christal,50
842,Dwayne,26
843,Ray,55
844,Sal,56
845,Dave,75
846,Porter,33
847,Deeann,54
848,Riobard,60
849,Felice,42
850,Stella,52
851,Lira,35
852,Alexis,63
853,Micaela,69
854,Parke,67
855,Lek,38
856,Cassy,31
857,Don,71
858,Reyna,27
859,Hatti,72
860,Joel,23
861,Mozelle,60
862,Hannah,45
863,Hi,18
864,Silvan,74
865,Morgen,63
866,Tann,23
867,Anastasie,30
868,Leigha,44
869,Brenden,65
870,Amelita,36
871,Garrard,50
872,Lynea,42
873,Minnaminnie,33
874,Corabella,72
875,Warden,34
876,Jillana,21
877,Eleonore,58
878,Kristy,18
879,Denys,72
880,Merna,43
881,Emera,53
882,Moyra,57
883,Chelsea,51
884,Reta,28
885,Elane,20
886,Dore,33
887,Biron,49
888,Junina,43
889,Nanni,64
890,Rosabella,41
891,Wilbert,48
892,Kizzee,50
893,Cooper,61
894,Poppy,35
895,Carey,43
896,Morgen,49
897,Diannne,28
898,Titus,60
899,Hedvige,67
900,Mahalia,20
901,Field,20
902,Corene,36
903,Marylynne,70
904,Haze,19
905,Goddard,21
906,Valma,19
907,Lorrin,50
908,Rosmunda,36
909,Edsel,32
910,Leia,43
911,Garvin,71
912,Lorne,71
913,Nial,21
914,Jarrad,57
915,Jamill,28
916,Madella,37
917,Adrianna,56
918,Gabe,58
919,Donnie,40
920,Benny,51
921,Jaymee,67
922,Raynard,42
923,Hortense,53
924,Silvanus,25
925,Tessa,69
926,Carlynn,45
927,Venus,49
928,Antonella,70
929,Shermie,26
930,Archibold,74
931,Edita,42
932,Dasha,25
933,Kendall,32
934,Marchall,62
935,Andrus,34
936,Angelico,37
937,Aharon,24
938,Leticia,61
939,Nicol,63
940,Cthrine,64
941,Risa,20
942,Maurizia,33
943,Randee,68
944,Lacy,33
945,Adam,44
946,Sydel,41
947,Lynelle,21
948,Rolf,44
949,Durante,66
950,Byron,39
951,Karen,24
952,Pamela,59
953,Mattie,57
954,Felizio,21
955,Loni,34
956,Doralia,69
957,Kirbee,40
958,Ursala,52
959,Gav,51
960,Cara,63
961,Natassia,20
962,Tony,40
963,Hortense,73
964,Alexandro,39
965,Nicola,19
966,Kristy,29
967,Rosie,22
968,Joyce,72
969,Angus,75
970,Gavin,70
971,Weylin,59
972,Ruben,60
973,Ethe,61
974,Konstanze,43
975,Dedra,19
976,Xena,26
977,Bessie,75
978,Issi,60
979,Leese,21
980,Myrlene,33
981,Frank,43
982,Reagan,38
983,Dierdre,55
984,Shena,66
985,Tannie,66
986,Myrle,74
987,Vassily,44
988,Maxim,20
989,Hadley,24
990,Elias,58
991,Jake,74
992,Willem,45
993,Edmon,46
994,Dottie,25
995,Allina,61
996,Vin,71
997,Claire,46
998,Bryna,34
999,Lawrence,25
1000,Shanna,25
