first_name,last_name
Kim,Ratie
Lara,Reidshaw
Delphine,Ardy
Christabella,Garvagh
Miran,Bramwich
Alane,Golsby
Aristotle,Broadhurst
Emelyne,Geely
Aldin,Tipton
Berti,Bernardeau
Elnar,Confort
Anders,FitzGibbon
Melodie,Comber
Norman,Wisby
Ardra,Paske
Waiter,Strut
Kiri,Fer
Alix,Tothacot
Blondelle,MacNeachtain
Hogan,Ebbetts
Darrell,Burkinshaw
Gerald,Gunston
Morley,Klosa
Dorothee,Cassells
Torr,Blazey
Niall,Hansford
Roch,Jamieson
Graham,Calderonello
Randene,Bitterton
Staci,Spurrier
Porter,Tyght
Pen,Scheffler
Abelard,Breagan
Booth,Kleinber
Enrika,Krollman
Benjamen,O'Mohun
Evangelina,Sapson
Rustie,Towersey
Evangelin,Sibbe
Tera,Dargue
Felic,Stoner
Roxane,Harsent
Rodolph,Ferrero
Shel,MacEllen
Brewer,Maffi
Kristian,Bellefant
Jena,Markus
Lyell,Gravatt
Torry,Rougier
Rowland,Cremins
Ginevra,Orthmann
Vite,Cadany
Carolus,Buske
Kincaid,Davidzon
Wilhelmina,Todd
Elwin,Lafford
Helenelizabeth,Gossage
Rance,Parcell
Hamil,Reddick
Raphaela,Brecknall
Nan,Esler
Melessa,Corzor
Berky,Mosey
Magda,Ilem
Merilee,Dannohl
Darlene,Gibbings
Garald,Brakewell
Birgit,Bultitude
Winfred,Daulby
Loria,Ratter
Ingram,Jowling
Clemmy,Pontefract
Vyky,Laweles
Darwin,Trumper
Nelson,Toten
Harman,MacNeilley
Ana,Antonov
Fedora,Guirau
Ignatius,Cressor
Lucius,Wulfinger
Suzette,Garlic
Ilsa,Moral
Menard,Swire
Jaimie,Clouston
Cullan,Emtage
Reilly,Wegenen
Turner,Vakhrushev
Sashenka,Ballinghall
Sibella,Luparti
Cordi,Enoch
Lenard,Pavelin
Jane,Primak
Sapphira,Tuxill
Kingston,Evers
Henry,Dows
Lowe,Williams
Jeniece,Harling
Barbette,Saddler
Aurel,Full
Rae,Speedin
Blisse,Simmins
Hailee,Kira
Constance,MacGowan
Janine,Issacson
Liliane,Cartmell
Crissy,Kacheler
Jessie,Bilofsky
Redford,Ruos
Ola,Feldmann
Pascal,Carncross
Xymenes,Petch
Mariel,Minney
Stefano,Feare
Debor,Holywell
Lucinda,Clyde
Celeste,Snoden
Clarice,Rontree
Joel,Arger
Kile,Woodsford
Odille,Skippon
Cherianne,Throssell
Starla,Wroath
Olive,Brundrett
Corabella,Soffe
Loy,Wiffield
Val,Ricold
Kendricks,Fockes
Dilly,Kirkbride
Dory,Plumptre
Waylon,Sabbins
Doretta,Shrimpling
Prue,Castano
Davin,Lovelace
Galina,Conford
Elnar,Noir
Ewart,Sudy
Caddric,Frowen
Ward,Bellenger
Laetitia,Mayne
Wilfred,Goldwater
Justinn,Hexum
Abramo,Gleadle
Vladamir,Peachey
Dan,Hambleton
Alexandro,Allawy
Darya,McIndoe
Iseabal,Birtley
Marney,Dods
Joscelin,Niesegen
Rosaleen,Bertwistle
Fax,Stirzaker
Abel,McGibbon
Jamil,Arents
Rosanna,Breedy
Justine,Keston
Orville,Chinnock
Reese,Ridolfi
Judie,Soeiro
Ardelia,Beteriss
Orly,Collabine
Ester,Raulin
Isiahi,Aslott
Winny,Gruszka
Town,McClarence
Blake,Dillestone
Atlanta,Van den Bosch
Shayne,Swalwell
Sloan,Emmines
Gae,Dunbabin
Ardith,Bretherick
Janel,Plumridge
Simone,Boots
Nathanael,Stillman
Bendick,Fantini
Rudie,Teodori
Felice,Darton
Elmira,Bricknell
Malinda,McMorran
Candis,Lynch
Cherice,Colebeck
Dagmar,Utton
Gayle,Abberley
Hedwig,Dunkerly
Kylie,Gatecliff
Terrill,Denzilow
Odey,Avramovitz
Horacio,Clougher
Justus,Noe
Jeffy,Marquez
Bar,Casarino
Ludvig,Agiolfinger
Man,Twamley
Brandais,Joincey
Cobbie,Orringe
Quintus,Work
Dominica,Jime
Antonius,Strognell
Emalia,Simao
Zaria,Emsden
Bert,Worton
Inger,Curedell
Sutherland,Ricciardo
Dwayne,Kirvin
Eve,Doulton
Eamon,Lerer
Loni,Zanuciolii
Gill,Tommei
Cherry,Nieass
Lloyd,Dysert
Angelita,Linay
Tamera,Beller
Aimil,Coatsworth
Gannie,Franklen
Sarene,McRae
Beth,Liggons
Malory,MacLleese
Maurise,Farre
Zelma,Baus
Cosme,Capnerhurst
Isadora,Goodlip
Merrie,Dresse
Edvard,Mateuszczyk
Zackariah,Patman
Bud,Sparshutt
Gunilla,Turk
Kalle,Shuxsmith
Almeta,Criple
Nell,Cristofolo
Ansel,Raiker
Clemens,Fattorini
Wyn,McDaid
Tull,Jurkiewicz
Marjorie,Fillan
Irene,Benettelli
Kellia,Marle
Lemar,Carver
Minor,Doog
Siward,Lobb
Lewes,Jickles
Rex,Lechelle
Selig,Sach
Agna,Beric
Marj,Crenage
Stacie,Neenan
Dianna,Frusher
Andrea,Lepard
Blanch,Pettifor
Elsworth,McKeevers
Ashlan,Sutherden
Richie,Wincom
Rebekah,Morch
Bren,Panas
Brigid,Noseworthy
Mora,Polglase
Sibyl,Herrero
Cullie,Stimson
Rockwell,Heaney
Sallee,Bolver
Annabell,McGrann
Tansy,Pendrill
Lizzie,Danbrook
Thebault,Cameron
Mike,Bickerdyke
Terrijo,Featherstone
Candida,Blanket
Ethelind,Attrie
Ambrosi,Sand
Farris,Jemmett
Yanaton,Titcombe
Gwenore,Cholonin
Kiel,Langdon
Brenden,Keyzman
Pia,Mulkerrins
Jaime,Matuska
Consalve,MacColl
Crawford,McGaffey
Jeffry,Pauling
Lana,Vedenyapin
Ibby,Feek
Maryanne,Bahde
Aaron,Fidge
Natassia,Gethins
Alidia,Bootyman
Hartley,Mogridge
Aldric,Thomsson
Dode,Lurner
Tiebout,Nore
Giffy,Penquet
Kiley,Dossettor
Kerwin,Eicke
Jessy,Trahear
Roderigo,Rushbrook
Lara,Gasnell
Biddy,Gillivrie
Corie,Brader
Ly,Holdall
Devon,Gurnett
Lucias,Wessel
Ivar,Patty
Olenka,May
Kiele,Antuk
Candice,MacAughtrie
Theodore,Legerton
Diane-marie,Filippozzi
Malina,Pettus
Griffith,Buntain
Vern,Belvin
Noland,Bear
Ora,Olechnowicz
Claudette,Langfat
Electra,Fairpool
Willy,Eversfield
Bancroft,Godfery
Tania,Gillam
Byrann,Withur
Geralda,Brushneen
Drake,Bore
Leslie,Dimitriou
Penn,Burgis
Uriah,Carsey
Gilemette,Davys
Jeannette,Tiptaft
Elita,Figgess
Ab,Kitchiner
Zacharias,Shurmore
Orran,Lashford
Ellen,Leaning
Raimondo,Lawrenson
Hatty,Dawby
Theodore,Eyres
Holli,Scneider
Rachel,Kobierra
Conrado,Souster
Nico,Leonard
Chelsea,Cruickshanks
Wiatt,Vinck
Amy,Heinle
Cherice,Palay
Clair,Rosberg
Carmine,Seer
Barnard,Gruczka
Kare,Southorn
Chrissy,Duffell
Masha,Gallard
Roshelle,Quinnette
Kristine,Latek
Fran,Stapley
Horatio,Kluss
Prudi,MacDwyer
Lurlene,Bartrum
Clare,Waghorne
Thaddus,Beasant
Georgeta,Gayforth
Saundra,Trevaskiss
Adolph,Hurling
Elvera,Tythe
Cecile,Considine
Dee,Woodnutt
Price,Fellos
Charis,Swigg
Glenna,Rosenblad
Lyndsay,Whitsun
Beverlie,Scudders
Wainwright,Covelle
Wilow,Cayton
Wendye,Dove
Cobby,Brosnan
Sophey,Klugman
Alyce,Huey
Currey,Angear
Glynda,Saunt
Victoria,Raithbie
Henrieta,Rathbone
Cthrine,Ricardon
Stanford,Collyer
Valerye,Godrich
Neila,Daice
Danni,Confort
Cathy,Pieracci
Henka,Leyninye
Ritchie,Gosnall
Tisha,Surplice
Kimberlee,Cready
Patton,O'Grady
Rachele,Labone
Georgia,McCarly
Libbie,Laxon
Dominique,Cheeke
Lotty,Chesley
Chrissy,Dibsdale
Calla,Siggins
Olia,Llopis
Merci,Cosstick
Kial,Streader
Agathe,Treacy
Heywood,Shinn
Selene,Langstone
Elia,Bristoe
Ivor,Pineaux
Alison,Caslett
Regine,Greenshields
Letisha,Spragge
Giulio,Quantick
Nataline,Spain
Cello,Proppers
Sharlene,Earlam
Henrietta,Gebbie
Howard,Zapata
Peter,Pendre
Kasper,Cicchetto
Chastity,Trytsman
Arel,Whiles
Crissie,Shardlow
Dwayne,Lukianovich
Suellen,Waistell
Hirsch,Balk
Rae,Kiefer
Marin,Bannard
Lani,Thacker
Bernette,Prowse
Ella,Mackilpatrick
Fredrick,Mennell
Frannie,Beatty
Trista,Benjafield
Amalia,Escalero
Perkin,Mumby
Parker,Heaney`
Kaspar,McCracken
Trula,Helks
Casar,Worsell
Orton,Mehaffey
Malanie,Matchett
Geoffrey,Vercruysse
Marie-jeanne,Bitterton
Hunter,Heskey
Krissy,Bailes
Lynnelle,Shewry
Marley,Bastide
Papageno,Allain
Stefano,Exeter
Robena,Keiley
Calv,Senechell
Reinhold,Chappelle
Devondra,Cunradi
Meredith,MacNeice
Helen,Alred
Elfrida,Cristobal
Olivette,Humblestone
Tove,Cottle
Leonore,Petrie
Alicia,Clench
Nancy,Antham
Gage,Brakespear
Kurtis,Bohills
Garik,Dreye
Jayme,Scholtz
Isaac,Ennor
Aileen,Summerbell
Tommy,Lantiffe
Josias,O'Fallone
Salvador,Knapper
Hugh,Trundell
Rois,Vondrasek
Connor,Martinelli
Giffard,Martinet
Andris,Hardin
Lorelle,Tuminini
Kelsy,Bradford
Mitchael,Longthorne
Christina,Barriball
Carmen,Kopke
Jessalyn,Wong
Isidoro,Dewsbury
Graig,Cridge
Bear,Poff
Katinka,Tamburi
Janos,Thring
Kevon,Hacon
Kristoffer,Fyfe
Raymund,Rao
Kelbee,Pullar
Joseph,Wehden
Betteanne,Cockerton
Edlin,Jobling
Charmian,Fullalove
Juana,Allmond
Knox,Glazebrook
Farr,Manlow
Glenna,Blunsum
Vivian,Hussell
Minni,Pesak
Paula,Betjes
Cassi,Poon
Jaime,Skillman
Ludovika,Clow
Kelcy,Mattke
Marj,Radage
Brett,Parsley
Kerry,Pinchbeck
Andromache,Sewart
Barby,Behan
Rancell,Gianinotti
Morty,Huyton
Reid,Bebbington
Josie,Goldby
Elvira,Strapp
Timofei,Bogey
Audra,Tithacott
Gabey,Lowerson
Tymothy,Philbrick
Kelsy,Ovenell
Vivianne,Darco
Jasmine,Nason
Lorette,Bourgour
Launce,Crittal
Helena,Haselgrove
Gates,Breache
Marrilee,Dring
Frankie,Willeman
Tatiania,Plover
Abbe,Ings
Reagan,Labarre
Morgana,Busst
Max,Bringloe
Grange,Guiduzzi
Teri,Prayer
Anallise,Ecles
Trevar,Kinnett
Fletcher,Rigardeau
Bree,Beviss
Gilligan,Penton
Cherlyn,Bodiam
Heddi,Shewery
Wallache,Ewers
Brodie,Belverstone
Chiquia,Hannant
Bethany,Braunes
Bethina,Remirez
Bayard,Huckell
Brittaney,Buie
Codie,Oblein
Christy,Staneland
Melissa,Hacquoil
Fergus,Selburn
Hetty,Rohlf
Starlin,Greenshields
Moshe,Domanek
Kelly,Tidder
Viola,Soltan
Celia,Baptista
Mychal,Cream
Leonhard,Orred
Charil,Vaudre
Laurene,O' Cuolahan
Frederik,Shingler
Cleveland,McKennan
Chandler,Cossam
Natala,Bispham
Marc,Latchmore
Dougie,Bernhard
Franciska,Tutchings
Elsa,Ziebart
Zaria,Mushrow
Mindy,Precious
Licha,Rawson
Vanya,Ebbrell
Keenan,Bury
Quintilla,Niemetz
Thomasa,Edmondson
Chicky,Jent
Emmaline,Handover
Penny,McQuilty
Amii,Twiggins
Ardene,Godleman
Malia,Parlott
Shellie,Leathes
Leeanne,Smewings
Benjamin,Middlemist
Dasi,Gierhard
Blondelle,Pinkney
Cathryn,Cosely
Leah,Ortsmann
Magnum,Sygrove
Mason,Start
Gregory,Bazoche
Maryrose,Artois
Michele,Drexel
Cherise,Paddock
Abramo,Coiley
Zachariah,Tebbit
Shanon,Artrick
Flss,Lebell
Winthrop,Jillins
Antonella,Ruger
Christie,McCurlye
Tyne,Clamp
Cherida,Wimsett
Bronnie,Dulling
Kory,Drewes
Nannie,Rebichon
Gris,Bolwell
Rebecka,Boner
Tades,Gimenez
Tasha,Renols
Codi,Bosse
Carolin,Ivanaev
Karl,Sellars
Otis,Ivankin
Rozella,Slimme
Augusto,Anselmi
Nil,Arias
Kissee,McNicol
Ina,Truluck
Halli,Blenkhorn
Norah,Matzel
Gabrila,Dolman
Audrie,Gleed
Marnia,Manuely
Mill,Biles
Annabelle,Hansel
Hedwig,Bouttell
Floyd,Raund
Etty,Robbe
Evelina,Neighbour
Wilmette,Taborre
Myrwyn,Vassall
Chane,Kubczak
Deonne,Besnardeau
Dawna,Robe
Olly,Doggrell
Jo,Vuitte
Graham,Purviss
Trula,Cleveley
Deirdre,Larking
Corny,Prestie
Wenona,Farrand
Arther,Aspinell
Sloan,Scowcroft
Colby,Lines
Helen-elizabeth,Hyde-Chambers
Margeaux,Gellert
Devinne,Garlick
Lucias,Blowne
Claudian,Caple
Mellicent,McDonagh
Alice,Artis
Ailis,Cadigan
Antone,Pettingall
Chic,Runnacles
Loreen,Feldmus
Jacinta,Serraillier
Isabel,Huortic
Ettore,Antrack
Shellie,Bonicelli
Tim,Brookz
Kessia,Reedie
Addison,Kirkhouse
Keely,Le-Good
Emmalee,Clougher
Rudie,Winterbourne
Cull,Mathouse
Marisa,Pegg
Nadia,Aldus
Sophie,Pietroni
Catharina,Bodell
Shel,Cawood
Gates,Lewcock
Mireille,Mustill
Hazel,Abbate
Brit,Benedit
Victor,Trower
Del,Abrashkov
Candide,Dysert
Ruthann,Argont
Edyth,Cheasman
Reena,Rylance
Harry,Crayker
Meta,Roglieri
Saraann,Kerner
Irvine,Marin
Erv,Ovett
Stephenie,Varne
Lurlene,Afield
Mellie,Dawidowitsch
Zacharias,Revett
Cornela,Seggie
Theodosia,Zanneli
Leonard,Chalfont
Temple,Laker
Dedra,Passey
Anjela,Pfaffel
Rodolph,McLelland
Cash,Tregenza
Tanner,Brookhouse
Brittney,Crystal
Gratiana,Grouvel
Karylin,Jedraszek
Flossi,Algar
Catriona,Wreiford
Kelley,Sothcott
Vincent,Akram
Umberto,Waterhowse
Nikki,Acom
Jacquette,Krzyzowski
Caz,Boxall
Dacia,Amar
Oran,Mantrip
Marylinda,De Ruggiero
Arlen,Girodin
Ranna,Nurny
Dame,Burkwood
Andrey,Ivashkin
Walliw,Kasper
Bee,Grube
Cynthie,Storah
Avie,Silvermann
Aldus,Sorensen
Barry,Attenborough
Pam,Cousens
Natividad,Worledge
Eddy,Nutting
Mathilde,Arghent
Theo,Lankester
Brandi,Haskins
Theresita,Chmarny
Prentice,Livens
Isa,Jerrems
Anica,Kleiner
Ulric,Jedrzaszkiewicz
Balduin,Haveline
Maximilian,Shafto
Mackenzie,Roddy
Goldia,Bernardotte
Rollins,Meneur
Garrik,Bracco
Jere,Kuscha
Berke,Monteath
Barnaby,Eaton
Larisa,Marikhin
Rory,Druitt
Rurik,Pyner
Barthel,Whatson
Evvy,China
Pebrook,Bonaire
Roch,Younie
Gareth,Oulett
Parke,Aymeric
Zacharie,Collelton
Hartley,Dominique
Clo,Poland
Walliw,Copperwaite
Cherye,Karlmann
Ernestus,Britch
Isak,Hunton
Gertrude,Rathbone
Judy,Jansens
Sheffield,Scullion
Marven,Conklin
Gwenette,Furminger
Faber,Tyhurst
Garey,Pulster
Candi,Lightfoot
Keeley,Plane
Dal,Doyle
Willetta,Dupree
Georgia,Camerana
Alane,Pluvier
Rosina,Leadstone
Ara,Mingauld
Alanna,Abbett
Zachary,Kennedy
Goldy,Jahnel
Germaine,Colbert
Inna,Ruperto
Costa,Branwhite
Lenci,Bryan
Libbey,Browett
Aluino,Melbert
Elisha,Pauer
Mercy,Clashe
Pierrette,Jeacop
Stu,Yearsley
Banky,Commings
Melloney,Barter
Evelina,Hess
Kaine,Posnette
Diane,Livesley
Eolanda,Brigge
Blythe,Chartre
Brew,Sidnell
Ephrem,Kynton
Bentlee,Pfaffe
Kate,Woodard
Yvette,Leech
Kirk,Hanscomb
Nathanil,Bradnock
Kim,Dewdney
Coralie,Syer
Windham,Weare
Hans,Bartoszewski
Hubey,Earney
Willi,Chartman
Esme,Kief
Nickey,Bazek
Olly,Docker
Kayla,Orrock
Denis,Penvarden
Silvanus,Rizzo
Christalle,Puleque
Johan,Thirkettle
Mamie,Dodsley
Elton,Martinovsky
Salvidor,Stranger
Pauly,Parkhouse
Stella,Priest
Maximo,Ungerechts
Eden,Baumaier
Rubetta,Melmore
Rochell,Alesi
Dieter,Muspratt
Hansiain,Schaumaker
Suzanne,Bebbington
Hernando,Cairney
Crista,Von Helmholtz
Harlen,Salerg
Beilul,Bilbee
Evangelin,Athersmith
Anatola,Lillistone
Micky,Wash
Kaitlyn,Edgerly
Valentine,Kirman
Giselbert,Roscow
Marius,Ingledow
Heidie,Ruslinge
Zane,Muge
Angelia,Vanyushkin
Dante,Steutly
Lydon,Sainsbury
Artemas,Kapelhof
Kathryn,Pley
Goober,Shimmans
Giustina,Titterell
Lise,Reid
Jasun,Fibbit
Petunia,Baccup
Waverley,Stadden
Etheline,Kurdani
Cammy,Cavil
Walt,Dungee
Harlen,Cockarill
Madeline,Meier
Jennette,Darinton
Gibby,Verey
Ursuline,Hubber
Leese,Gierhard
Sayer,Wardhough
Joseito,Tanner
Mable,Domb
Patricia,Poupard
Nicolle,Fitzharris
Hilarius,Daglish
Colette,Woofenden
Dee,Elden
Gregg,Manssuer
Rabbi,Pittet
Audre,Izakovitz
Napoleon,Gillicuddy
Julius,Dumberell
Morissa,McWilliams
Coral,Gulston
Melania,Setter
Roxy,Ander
Abra,Redgrove
Isidor,Chasle
Devlin,Storrier
Zak,Ludy
Vale,Gyles
Colas,Jaggli
Boniface,Ruf
Hermy,Galway
Deck,Augur
Johnny,Kuhnke
Ottilie,Trathan
Melisande,Winters
Nathan,Antoshin
Imogen,Graffham
Hal,Heinsh
Elwin,McMeekin
Bettye,Pellant
Thibaut,Stollen
Corina,Bilfoot
Arron,Firks
Eilis,Woodburne
Felizio,Haugen
Emmalee,Kmieciak
Winn,Hundal
Borg,Rudham
Carrie,Ditch
Mandy,Aird
Kelli,O'Downe
Winni,Clemo
Sunshine,Huckerbe
Abbe,Caudrey
Nickie,Byrd
Arluene,Dennington
Erin,Yakunkin
Quill,Venners
Almira,Collete
Wylma,Bielfeldt
Teresa,Snar
Brocky,Josipovitz
Greg,Irvin
Skipton,Drogan
Daffie,Kearney
Lauritz,Evenett
Lara,Vairow
Arlana,Hagan
Paolina,Finneran
Elbertina,Waterman
Gillie,Silkston
Madelena,Enns
Hermy,Agate
Abbye,Kerans
Davide,Cliss
Riki,Schoenrock
Nelie,Kneeland
Aubry,Fogel
Alessandro,Durbann
Caroljean,Briddock
Burgess,Brixey
Sheelagh,Da Costa
Cross,MacCallam
Alford,Dunrige
Douglass,Williamson
Harlie,Giacobo
Gabriel,Springham
Armin,Godly
Luelle,Munt
Belicia,Hurll
Hendrika,Demead
Florian,Poacher
Olive,Fivey
Kath,Kaysor
Vicki,Iacivelli
Lorna,McClinton
Marcile,Tench
Florence,Donhardt
Marna,Sture
Harman,Aurelius
Avis,Scatcher
Millicent,Riddles
Frayda,Dunican
Mohammed,Guisby
Rosette,Garlinge
Angelina,Goodby
Catina,Tithacott
Curran,Maceur
Mitchell,Delaprelle
Somerset,Parres
Emmaline,Deeks
Ashil,Josefer
Estel,Ferenc
Zebulen,Stowell
Tabby,Streatfeild
Oona,Tennick
Milzie,Hollingsby
Shelba,O'Donnelly
Michaela,Legon
Lolly,Dyers
Alfonse,Stemp
Fabio,Morsley
Nancie,O'Dougherty
Wolfgang,Connick
Tamra,Topes
Benni,O'Scandall
Correy,Seely
Gilbert,Bertin
Ernie,Thorius
Brina,Anthoney
Brear,Redwing
Stevie,Gladman
Gert,Falkous
Malvin,Grzegorzewicz
Angie,Rosenberger
Abran,Percifull
Gina,Cheevers
Ferrell,Grzelczyk
Kienan,Derisly
Tracie,Ivamy
Clarie,Bille
Goldy,Alderwick
Darryl,Btham
Berkley,Hardway
Lucien,Stockley
Stephen,Orgee
Gusty,Mathis
Vera,Halladey
Broderic,Ledgeway
Estele,Fynn
Jeanine,Phuprate
